Antecedent,Consequent,Support,Confidence,Lift
"(np.int64(104), np.int64(152))","(np.int64(3), np.int64(4))",0.013118972767187976,0.41624579124579125,4.871840003826496
"(np.int64(43), np.int64(152))","(np.int64(3), np.int64(4))",0.010267022165625373,0.40952380952380957,4.793164326746069
"(np.int64(24), np.int64(152))","(np.int64(3), np.int64(4))",0.012933264355923435,0.4050685500623182,4.741018907552861
"(np.int64(24), np.int64(155))","(np.int64(3), np.int64(4))",0.011779219228779498,0.4045558086560364,4.735017659859124
"(np.int64(24), np.int64(104))","(np.int64(3), np.int64(4))",0.011779219228779498,0.4036363636363636,4.724256256086717
"(np.int64(3), np.int64(104), np.int64(139))","(np.int64(152),)",0.01005478398132304,0.5387348969438521,3.7594749306587225
"(np.int64(4), np.int64(139), np.int64(152))","(np.int64(24),)",0.01110271001631581,0.5280757097791798,3.751771136850724
"(np.int64(3), np.int64(139), np.int64(152))","(np.int64(104),)",0.01005478398132304,0.5375886524822695,3.736947509882974
"(np.int64(3), np.int64(122), np.int64(139))","(np.int64(152),)",0.010970061151126852,0.533204384268214,3.720881136427645
"(np.int64(3), np.int64(18), np.int64(139))","(np.int64(104),)",0.010320081711700957,0.5325119780971937,3.7016579523110322
"(np.int64(4), np.int64(18), np.int64(152))","(np.int64(24),)",0.010824147399418997,0.5194143857415658,3.6902358211195385
"(np.int64(3), np.int64(18), np.int64(139))","(np.int64(152),)",0.010134373300436414,0.5229295003422313,3.6491795096084223
"(np.int64(4), np.int64(104), np.int64(139))","(np.int64(152),)",0.010970061151126852,0.52275600505689,3.6479688006316544
"(np.int64(4), np.int64(18), np.int64(139))","(np.int64(24),)",0.011248623768023665,0.5120772946859904,3.6381086621894974
"(np.int64(3), np.int64(104), np.int64(152))","(np.int64(139),)",0.01005478398132304,0.5835257890685143,3.637061484953128
"(np.int64(4), np.int64(24), np.int64(139))","(np.int64(152),)",0.01110271001631581,0.5208462974486621,3.6346422128818183
"(np.int64(4), np.int64(139), np.int64(152))","(np.int64(104),)",0.010970061151126852,0.5217665615141955,3.6269631879087743
"(np.int64(4), np.int64(18), np.int64(104))","(np.int64(152),)",0.010558849669041082,0.5195822454308094,3.6258212289449623
"(np.int64(4), np.int64(122), np.int64(152))","(np.int64(24),)",0.011129239789353602,0.5103406326034063,3.6257703581258123
"(np.int64(3), np.int64(4), np.int64(43))","(np.int64(152),)",0.010267022165625373,0.5170340681362725,3.6080391830592586
"(np.int64(4), np.int64(122), np.int64(139))","(np.int64(24),)",0.012243490256940852,0.5077007700770076,3.60701516857934
"(np.int64(3), np.int64(122), np.int64(139))","(np.int64(24),)",0.010399671030814331,0.5054803352675693,3.5912398487245545
"(np.int64(3), np.int64(122), np.int64(139))","(np.int64(104),)",0.01062517410163556,0.5164410058027079,3.5899435780957805
"(np.int64(3), np.int64(122), np.int64(152))","(np.int64(104),)",0.010028254208285249,0.5160409556313994,3.587162703751434
"(np.int64(4), np.int64(18), np.int64(24))","(np.int64(152),)",0.010824147399418997,0.5125628140703518,3.5768372548663896
"(np.int64(4), np.int64(104), np.int64(152))","(np.int64(139),)",0.010970061151126852,0.5731115731115731,3.572150654168017
"(np.int64(4), np.int64(18), np.int64(139))","(np.int64(152),)",0.011195564221948081,0.5096618357487923,3.5565932436910304
"(np.int64(3), np.int64(104), np.int64(122))","(np.int64(152),)",0.010028254208285249,0.5060240963855421,3.5312078639467614
"(np.int64(4), np.int64(24), np.int64(104))","(np.int64(139),)",0.010107843527398623,0.566542750929368,3.53120780192743
"(np.int64(4), np.int64(24), np.int64(152))","(np.int64(139),)",0.01110271001631581,0.5655405405405405,3.5249611186217216
"(np.int64(4), np.int64(18), np.int64(122))","(np.int64(43),)",0.010001724435247456,0.40978260869565214,3.524504451995337
"(np.int64(4), np.int64(18), np.int64(152))","(np.int64(104),)",0.010558849669041082,0.5066836409929981,3.522117071787842
"(np.int64(3), np.int64(122), np.int64(152))","(np.int64(139),)",0.010970061151126852,0.5645051194539249,3.5185074361532065
"(np.int64(3), np.int64(18), np.int64(122))","(np.int64(152),)",0.01087720694549458,0.5030674846625767,3.5105756240171866
"(np.int64(4), np.int64(18), np.int64(139))","(np.int64(104),)",0.011062915356759124,0.5036231884057971,3.5008429049652214
"(np.int64(4), np.int64(24), np.int64(122))","(np.int64(152),)",0.011129239789353602,0.5014943215780037,3.4995975581598593
"(np.int64(4), np.int64(18), np.int64(122))","(np.int64(24),)",0.011991457413081831,0.49130434782608695,3.4905250089119986
"(np.int64(3), np.int64(18), np.int64(122))","(np.int64(104),)",0.01085067717245679,0.501840490797546,3.4884508141774644
"(np.int64(3), np.int64(4), np.int64(24))","(np.int64(152),)",0.012933264355923435,0.49872122762148335,3.4802459674813258
"(np.int64(3), np.int64(24), np.int64(122))","(np.int64(139),)",0.010399671030814331,0.5576102418207681,3.475532310884022
"(np.int64(4), np.int64(122), np.int64(155))","(np.int64(104),)",0.010333346598219852,0.49840051183621237,3.4645384403685147
"(np.int64(4), np.int64(104), np.int64(122))","(np.int64(152),)",0.010837412285937894,0.49575242718446605,3.459528670568855
"(np.int64(4), np.int64(122), np.int64(152))","(np.int64(104),)",0.010837412285937894,0.4969586374695864,3.4545155189414207
"(np.int64(4), np.int64(122), np.int64(139))","(np.int64(152),)",0.011911868093968455,0.4939493949394939,3.4469464997041217
"(np.int64(3), np.int64(4), np.int64(139))","(np.int64(152),)",0.014020985050472893,0.49300373134328357,3.4403473382186536
"(np.int64(4), np.int64(24), np.int64(122))","(np.int64(139),)",0.012243490256940852,0.5517035265989241,3.4387163091949637
"(np.int64(4), np.int64(122), np.int64(155))","(np.int64(24),)",0.010014989321766352,0.4830454254638515,3.43184859951403
"(np.int64(3), np.int64(18), np.int64(122))","(np.int64(24),)",0.010426200803852124,0.48220858895705526,3.4259032038173145
"(np.int64(3), np.int64(4), np.int64(152))","(np.int64(24),)",0.012933264355923435,0.4817193675889328,3.4224274775635544
"(np.int64(4), np.int64(104), np.int64(139))","(np.int64(24),)",0.010107843527398623,0.48166877370417194,3.422068027823618
"(np.int64(3), np.int64(4), np.int64(139))","(np.int64(104),)",0.013994455277435102,0.49207089552238803,3.4205392900642018
"(np.int64(4), np.int64(18), np.int64(122))","(np.int64(152),)",0.011925132980487353,0.4885869565217391,3.4095255846805834
"(np.int64(4), np.int64(122), np.int64(152))","(np.int64(139),)",0.011911868093968455,0.546228710462287,3.4045922939744053
"(np.int64(3), np.int64(18), np.int64(152))","(np.int64(139),)",0.010134373300436414,0.5457142857142856,3.4013859327939517
"(np.int64(3), np.int64(4), np.int64(152))","(np.int64(104),)",0.013118972767187976,0.4886363636363636,3.396664780585942
"(np.int64(4), np.int64(18), np.int64(104))","(np.int64(139),)",0.011062915356759124,0.5443864229765013,3.3931094889565525
"(np.int64(4), np.int64(43), np.int64(122))","(np.int64(18),)",0.010001724435247456,0.5872274143302181,3.3881304977890827
"(np.int64(3), np.int64(4), np.int64(155))","(np.int64(104),)",0.012681231512064415,0.48676171079429736,3.383633480096791
"(np.int64(3), np.int64(4), np.int64(139))","(np.int64(24),)",0.01349038958971706,0.4743470149253731,3.370049798716342
"(np.int64(4), np.int64(18), np.int64(152))","(np.int64(139),)",0.011195564221948081,0.5372374283895608,3.348550476560878
"(np.int64(4), np.int64(122), np.int64(139))","(np.int64(104),)",0.011593510817514956,0.4807480748074808,3.3418308082537163
"(np.int64(3), np.int64(104), np.int64(122))","(np.int64(139),)",0.01062517410163556,0.536144578313253,3.3417388445887726
"(np.int64(3), np.int64(18), np.int64(104))","(np.int64(139),)",0.010320081711700957,0.5354439091534756,3.337371639466975
"(np.int64(4), np.int64(18), np.int64(24))","(np.int64(139),)",0.011248623768023665,0.5326633165829145,3.3200404669066703
"(np.int64(3), np.int64(4), np.int64(104))","(np.int64(152),)",0.013118972767187976,0.4757094757094757,3.319662153597171
"(np.int64(3), np.int64(4), np.int64(43))","(np.int64(18),)",0.01142106729276931,0.5751503006012024,3.3184490824600377
"(np.int64(3), np.int64(4), np.int64(18))","(np.int64(152),)",0.014047514823510686,0.47403760071620415,3.3079952425430417
"(np.int64(3), np.int64(4), np.int64(43))","(np.int64(139),)",0.010532319896003289,0.5303941215764862,3.305896787373838
"(np.int64(4), np.int64(18), np.int64(122))","(np.int64(104),)",0.011606775704033852,0.4755434782608695,3.305652023573275
"(np.int64(4), np.int64(104), np.int64(122))","(np.int64(139),)",0.011593510817514956,0.5303398058252428,3.3055582423933503
"(np.int64(4), np.int64(104), np.int64(122))","(np.int64(24),)",0.010160903073474207,0.46480582524271846,3.3022633821103398
"(np.int64(4), np.int64(24), np.int64(139))","(np.int64(104),)",0.010107843527398623,0.4741754822650902,3.296142653897497
"(np.int64(83), np.int64(139))","(np.int64(24),)",0.010094578640879728,0.46149181322013344,3.278718624373405
"(np.int64(18), np.int64(67))","(np.int64(24),)",0.01100985581068354,0.4588170259812051,3.259715308420046
"(np.int64(3), np.int64(4), np.int64(122))","(np.int64(104),)",0.014684229376417685,0.46867061812023714,3.257876614866788
"(np.int64(3), np.int64(4), np.int64(152))","(np.int64(139),)",0.014020985050472893,0.5222332015810276,3.255030538866385
"(np.int64(3), np.int64(4), np.int64(18))","(np.int64(104),)",0.013848541525727247,0.4673231871083259,3.248510198850656
"(np.int64(3), np.int64(4), np.int64(24))","(np.int64(139),)",0.01349038958971706,0.5202046035805626,3.2423864778939953
"(np.int64(3), np.int64(4), np.int64(18))","(np.int64(24),)",0.013503654476235956,0.4556848701880036,3.2374625679825675
"(np.int64(67), np.int64(152))","(np.int64(24),)",0.010890471832013478,0.45484764542936296,3.2315144139085272
"(np.int64(3), np.int64(122), np.int64(152))","(np.int64(18),)",0.01087720694549458,0.5597269624573379,3.229460930565692
"(np.int64(3), np.int64(24), np.int64(122))","(np.int64(18),)",0.010426200803852124,0.5590327169274538,3.2254553368291723
"(np.int64(3), np.int64(4), np.int64(122))","(np.int64(152),)",0.014471991192115351,0.46189669771380193,3.2232719013746536
"(np.int64(4), np.int64(122), np.int64(155))","(np.int64(139),)",0.010718028307267832,0.5169545745361485,3.2221293518442846
"(np.int64(3), np.int64(4), np.int64(155))","(np.int64(24),)",0.011779219228779498,0.4521384928716904,3.212266945822083
"(np.int64(67), np.int64(139))","(np.int64(24),)",0.011779219228779498,0.45190839694656487,3.2106322043738276
"(np.int64(3), np.int64(4), np.int64(155))","(np.int64(152),)",0.011964927640044039,0.4592668024439918,3.2049195997264843
"(np.int64(3), np.int64(18), np.int64(122))","(np.int64(139),)",0.01110271001631581,0.5134969325153375,3.2005781935951836
"(np.int64(3), np.int64(104), np.int64(139))","(np.int64(18),)",0.010320081711700957,0.5529495380241649,3.1903571730466647
"(np.int64(4), np.int64(104), np.int64(152))","(np.int64(18),)",0.010558849669041082,0.5516285516285516,3.1827354677500095
"(np.int64(4), np.int64(24), np.int64(122))","(np.int64(104),)",0.010160903073474207,0.45786013150029886,3.1827295282077483
"(np.int64(4), np.int64(24), np.int64(152))","(np.int64(18),)",0.010824147399418997,0.5513513513513513,3.1811361031933507
"(np.int64(3), np.int64(4), np.int64(104))","(np.int64(139),)",0.013994455277435102,0.5074555074555075,3.162922558127188
"(np.int64(4), np.int64(18), np.int64(122))","(np.int64(139),)",0.012376139122129811,0.5070652173913044,3.1604899167819975
"(np.int64(3), np.int64(104), np.int64(122))","(np.int64(18),)",0.01085067717245679,0.5475234270414993,3.1590500990645576
"(np.int64(3), np.int64(4), np.int64(24))","(np.int64(104),)",0.011779219228779498,0.4542199488491048,3.1574254756927123
"(np.int64(4), np.int64(122), np.int64(152))","(np.int64(18),)",0.011925132980487353,0.5468369829683698,3.155089517452663
"(np.int64(3), np.int64(4), np.int64(122))","(np.int64(24),)",0.013835276639208352,0.44157493649449625,3.1372170141843925
"(np.int64(104), np.int64(122), np.int64(152))","(np.int64(3),)",0.010028254208285249,0.7172675521821633,3.131560141099018
"(np.int64(3), np.int64(139), np.int64(152))","(np.int64(18),)",0.010134373300436414,0.5418439716312056,3.126281301803283
"(np.int64(83), np.int64(122))","(np.int64(24),)",0.01030681682518206,0.43947963800904977,3.1223307389113404
"(np.int64(4), np.int64(24), np.int64(122))","(np.int64(18),)",0.011991457413081831,0.5403466826060969,3.117642381878603
"(np.int64(3), np.int64(139), np.int64(152))","(np.int64(122),)",0.010970061151126852,0.5865248226950355,3.1147046216195156
"(np.int64(3), np.int64(24), np.int64(139))","(np.int64(122),)",0.010399671030814331,0.5863874345549739,3.1139750302053972
"(np.int64(3), np.int64(122), np.int64(139))","(np.int64(18),)",0.01110271001631581,0.5396518375241779,3.113633328902128
"(np.int64(3), np.int64(18), np.int64(152))","(np.int64(122),)",0.01087720694549458,0.5857142857142856,3.110400313971742
"(np.int64(3), np.int64(67))","(np.int64(24),)",0.012203695597384165,0.4364326375711576,3.100682993928645
"(np.int64(18), np.int64(104), np.int64(122))","(np.int64(3),)",0.01085067717245679,0.708838821490468,3.09476065533688
"(np.int64(3), np.int64(104), np.int64(152))","(np.int64(122),)",0.010028254208285249,0.581986143187067,3.0906022384082434
"(np.int64(4), np.int64(104), np.int64(122))","(np.int64(155),)",0.010333346598219852,0.4726941747572816,3.08929308646963
"(np.int64(4), np.int64(18), np.int64(43))","(np.int64(122),)",0.010001724435247456,0.5813415574402467,3.0871792047582334
"(np.int64(3), np.int64(18), np.int64(24))","(np.int64(122),)",0.010426200803852124,0.5792188651436994,3.075906775612008
"(np.int64(3), np.int64(4), np.int64(40))","(np.int64(122),)",0.010824147399418997,0.5791341376863023,3.075456835570391
"(np.int64(4), np.int64(139), np.int64(152))","(np.int64(18),)",0.011195564221948081,0.5324921135646687,3.0723238148859395
"(np.int64(4), np.int64(104), np.int64(122))","(np.int64(18),)",0.011606775704033852,0.5309466019417476,3.0634066646703295
"(np.int64(18), np.int64(104), np.int64(139))","(np.int64(3),)",0.010320081711700957,0.7015329125338143,3.0628633623204182
"(np.int64(3), np.int64(83))","(np.int64(152),)",0.011023120697202436,0.43852242744063324,3.060158311345646
"(np.int64(3), np.int64(83))","(np.int64(24),)",0.010824147399418997,0.4306068601583113,3.059293126637886
"(np.int64(4), np.int64(24), np.int64(139))","(np.int64(122),)",0.012243490256940852,0.5743621655258244,3.050115565828073
"(np.int64(4), np.int64(24), np.int64(139))","(np.int64(18),)",0.011248623768023665,0.5276913503422527,3.0446248146526407
"(np.int64(3), np.int64(18), np.int64(139))","(np.int64(122),)",0.01110271001631581,0.5728952772073922,3.042325744071124
"(np.int64(4), np.int64(104), np.int64(139))","(np.int64(18),)",0.011062915356759124,0.527180783817952,3.041678995077602
"(np.int64(4), np.int64(18), np.int64(152))","(np.int64(122),)",0.011925132980487353,0.5722469764481223,3.038882982072034
"(np.int64(3), np.int64(4), np.int64(104))","(np.int64(24),)",0.011779219228779498,0.42712842712842713,3.034580222027211
"(np.int64(4), np.int64(18), np.int64(104))","(np.int64(122),)",0.011606775704033852,0.5711488250652741,3.033051315525206
"(np.int64(18), np.int64(139), np.int64(152))","(np.int64(3),)",0.010134373300436414,0.6939146230699363,3.029602229071251
"(np.int64(3), np.int64(4), np.int64(122))","(np.int64(139),)",0.015214824837173518,0.4856054191363252,3.026733008055407
"(np.int64(4), np.int64(24), np.int64(104))","(np.int64(122),)",0.010160903073474207,0.5695167286245354,3.0243841660198543
"(np.int64(122), np.int64(139), np.int64(152))","(np.int64(3),)",0.010970061151126852,0.6926298157453936,3.023992814015057
"(np.int64(3), np.int64(104), np.int64(139))","(np.int64(122),)",0.01062517410163556,0.5692963752665244,3.0232139928301973
"(np.int64(3), np.int64(4), np.int64(152))","(np.int64(18),)",0.014047514823510686,0.5232213438735178,3.0188341841874244
"(np.int64(104), np.int64(139), np.int64(152))","(np.int64(3),)",0.01005478398132304,0.690975387420237,3.016769649125465
"(np.int64(4), np.int64(18), np.int64(24))","(np.int64(122),)",0.011991457413081831,0.5678391959798995,3.015475730299851
"(np.int64(4), np.int64(83))","(np.int64(24),)",0.013503654476235956,0.4243434764485202,3.0147942379629247
"(np.int64(122), np.int64(171))","(np.int64(24),)",0.01046599546340881,0.4237379162191192,3.0104919696551447
"(np.int64(4), np.int64(24), np.int64(152))","(np.int64(122),)",0.011129239789353602,0.5668918918918919,3.0104451291951295
"(np.int64(4), np.int64(139), np.int64(152))","(np.int64(122),)",0.011911868093968455,0.5665615141955835,3.0086906784067664
"(np.int64(4), np.int64(139), np.int64(155))","(np.int64(122),)",0.010718028307267832,0.5662228451296426,3.006892196801097
"(np.int64(4), np.int64(104), np.int64(152))","(np.int64(122),)",0.010837412285937894,0.5661815661815661,3.0066729874422182
"(np.int64(3), np.int64(4), np.int64(104))","(np.int64(155),)",0.012681231512064415,0.4598364598364599,3.005261482244577
"(np.int64(3), np.int64(4), np.int64(24))","(np.int64(18),)",0.013503654476235956,0.5207161125319693,3.004379731780772
"(np.int64(3), np.int64(4), np.int64(18))","(np.int64(139),)",0.014273017894331915,0.4816472694717995,3.0020622326308843
"(np.int64(4), np.int64(43), np.int64(152))","(np.int64(3),)",0.010267022165625373,0.6873889875666075,3.0011115773257564
"(np.int64(4), np.int64(104), np.int64(152))","(np.int64(3),)",0.013118972767187976,0.6853776853776853,2.9923303160692396
"(np.int64(4), np.int64(18), np.int64(139))","(np.int64(122),)",0.012376139122129811,0.5634057971014493,2.991932433508521
"(np.int64(4), np.int64(122), np.int64(155))","(np.int64(18),)",0.010744558080305623,0.5182341650671785,2.9900596205356944
"(np.int64(3), np.int64(18), np.int64(104))","(np.int64(122),)",0.01085067717245679,0.5629731589814178,2.989634934920551
"(np.int64(3), np.int64(4), np.int64(43))","(np.int64(122),)",0.011155769562391393,0.5617902471609886,2.9833531531928323
"(np.int64(67), np.int64(122))","(np.int64(24),)",0.012681231512064415,0.4191144234984656,2.9776438643180496
"(np.int64(4), np.int64(24), np.int64(155))","(np.int64(122),)",0.010014989321766352,0.560504825538233,2.9765269993555066
"(np.int64(4), np.int64(18), np.int64(104))","(np.int64(3),)",0.013848541525727247,0.6814621409921671,2.9752352130061097
"(np.int64(104), np.int64(122), np.int64(139))","(np.int64(3),)",0.01062517410163556,0.6805437553101105,2.9712255795195053
"(np.int64(18), np.int64(122), np.int64(152))","(np.int64(3),)",0.01087720694549458,0.6799336650082919,2.9685619507719987
"(np.int64(3), np.int64(4), np.int64(24))","(np.int64(155),)",0.011779219228779498,0.4542199488491048,2.9685547710348907
"(np.int64(4), np.int64(104), np.int64(155))","(np.int64(3),)",0.012681231512064415,0.6784953867991483,2.9622824882508483
"(np.int64(4), np.int64(122), np.int64(139))","(np.int64(18),)",0.012376139122129811,0.5132013201320133,2.9610215766716736
"(np.int64(40), np.int64(152))","(np.int64(139),)",0.010824147399418997,0.4749708963911525,2.960449025732932
"(np.int64(24), np.int64(83))","(np.int64(139),)",0.010094578640879728,0.47384806973848076,2.953450552573365
"(np.int64(4), np.int64(24), np.int64(122))","(np.int64(155),)",0.010014989321766352,0.4512851165570831,2.949374172682169
"(np.int64(3), np.int64(4), np.int64(155))","(np.int64(139),)",0.01230981468953533,0.47250509164969445,2.945079896171601
"(np.int64(4), np.int64(18), np.int64(152))","(np.int64(3),)",0.014047514823510686,0.6740929344366646,2.943061565319791
"(np.int64(4), np.int64(39))","(np.int64(24),)",0.011407802406250415,0.4136604136604137,2.9388952600713982
"(np.int64(4), np.int64(67))","(np.int64(24),)",0.015931128709193894,0.41328286304198214,2.9362129107667427
"(np.int64(4), np.int64(104), np.int64(155))","(np.int64(122),)",0.010333346598219852,0.552874378992193,2.9360059741535967
"(np.int64(43), np.int64(152))","(np.int64(24),)",0.010359876371257643,0.4132275132275132,2.9358196720085323
"(np.int64(4), np.int64(104), np.int64(139))","(np.int64(122),)",0.011593510817514956,0.5524652338811631,2.933833233770023
"(np.int64(4), np.int64(104), np.int64(122))","(np.int64(3),)",0.014684229376417685,0.6717233009708738,2.9327158446916815
"(np.int64(4), np.int64(152), np.int64(155))","(np.int64(3),)",0.011964927640044039,0.6686434395848776,2.919269298661329
"(np.int64(3), np.int64(4), np.int64(152))","(np.int64(155),)",0.011964927640044039,0.44565217391304346,2.9125600723695366
"(np.int64(24), np.int64(104))","(np.int64(152),)",0.012177165824346373,0.4172727272727273,2.9118706924844107
"(np.int64(4), np.int64(104), np.int64(139))","(np.int64(3),)",0.013994455277435102,0.6668773704171934,2.911558714521397
"(np.int64(4), np.int64(139), np.int64(152))","(np.int64(3),)",0.014020985050472893,0.6668769716088327,2.91155697334077
"(np.int64(18), np.int64(122), np.int64(139))","(np.int64(3),)",0.01110271001631581,0.665341812400636,2.904854532428722
"(np.int64(4), np.int64(122), np.int64(139))","(np.int64(155),)",0.010718028307267832,0.4444444444444445,2.904666955642248
"(np.int64(18), np.int64(40))","(np.int64(24),)",0.010359876371257643,0.4082592786199686,2.9005223105573057
"(np.int64(4), np.int64(18), np.int64(43))","(np.int64(3),)",0.01142106729276931,0.6638396299151889,2.898296066509315
"(np.int64(4), np.int64(122), np.int64(152))","(np.int64(3),)",0.014471991192115351,0.663625304136253,2.89736032912027
"(np.int64(3), np.int64(4), np.int64(104))","(np.int64(18),)",0.013848541525727247,0.5021645021645021,2.897342363743711
"(np.int64(24), np.int64(40))","(np.int64(139),)",0.01069149853423004,0.46482122260668973,2.8971870614841273
"(np.int64(3), np.int64(4), np.int64(139))","(np.int64(18),)",0.014273017894331915,0.5018656716417911,2.895618198994314
"(np.int64(24), np.int64(43))","(np.int64(152),)",0.010359876371257643,0.4136652542372881,2.8866965214464906
"(np.int64(4), np.int64(24), np.int64(104))","(np.int64(3),)",0.011779219228779498,0.6602230483271376,2.8825062225191362
"(np.int64(3), np.int64(4), np.int64(155))","(np.int64(18),)",0.012999588788517914,0.4989816700610998,2.8789783530457775
"(np.int64(43), np.int64(139))","(np.int64(152),)",0.011169034448910289,0.4125428711415972,2.878864151323853
"(np.int64(139), np.int64(155))","(np.int64(104),)",0.013211826972820247,0.41413721413721416,2.878797801951329
"(np.int64(4), np.int64(24), np.int64(155))","(np.int64(3),)",0.011779219228779498,0.6592427616926503,2.878226332062537
"(np.int64(104), np.int64(152))","(np.int64(139),)",0.014551580511228726,0.4617003367003367,2.877734872495104
"(np.int64(4), np.int64(18), np.int64(122))","(np.int64(155),)",0.010744558080305623,0.4402173913043478,2.8770410470967374
"(np.int64(4), np.int64(24), np.int64(152))","(np.int64(3),)",0.012933264355923435,0.6587837837837838,2.876222453704066
"(np.int64(139), np.int64(152))","(np.int64(104),)",0.014551580511228726,0.41365007541478127,2.8754115477449624
"(np.int64(4), np.int64(122), np.int64(155))","(np.int64(3),)",0.013623038454906018,0.6570697376839411,2.8687390001030444
"(np.int64(3), np.int64(4), np.int64(18))","(np.int64(155),)",0.012999588788517914,0.4386750223813787,2.866960893997832
"(np.int64(4), np.int64(18), np.int64(155))","(np.int64(122),)",0.010744558080305623,0.5396402398401067,2.865726878051995
"(np.int64(3), np.int64(4), np.int64(122))","(np.int64(18),)",0.01555971188666481,0.49661303979678245,2.865312048917805
"(np.int64(3), np.int64(4), np.int64(152))","(np.int64(122),)",0.014471991192115351,0.5390316205533596,2.8624948421144074
"(np.int64(4), np.int64(43), np.int64(122))","(np.int64(3),)",0.011155769562391393,0.6549844236760125,2.8596346063394655
"(np.int64(43), np.int64(139))","(np.int64(24),)",0.010890471832013478,0.40225379715825577,2.857855716366924
"(np.int64(40), np.int64(139))","(np.int64(24),)",0.01069149853423004,0.4017946161515453,2.854593415117948
"(np.int64(4), np.int64(18), np.int64(155))","(np.int64(3),)",0.012999588788517914,0.6528980679546968,2.850525664498797
"(np.int64(67), np.int64(139))","(np.int64(152),)",0.010638438988154456,0.40814249363867683,2.8481568238395747
"(np.int64(40), np.int64(104))","(np.int64(139),)",0.010399671030814331,0.4560791157649796,2.8426983299028126
"(np.int64(139), np.int64(152))","(np.int64(24),)",0.014074044596548476,0.40007541478129716,2.8423791625782346
"(np.int64(3), np.int64(4), np.int64(122))","(np.int64(155),)",0.013623038454906018,0.434801016088061,2.8416423233489945
"(np.int64(4), np.int64(43), np.int64(139))","(np.int64(3),)",0.010532319896003289,0.6508196721311474,2.841451475238942
"(np.int64(3), np.int64(40))","(np.int64(152),)",0.012681231512064415,0.40715502555366273,2.8412659364448736
"(np.int64(3), np.int64(4), np.int64(139))","(np.int64(122),)",0.015214824837173518,0.534981343283582,2.8409860894702312
"(np.int64(4), np.int64(139), np.int64(155))","(np.int64(3),)",0.01230981468953533,0.6503153468815697,2.839249612287073
"(np.int64(40), np.int64(139))","(np.int64(152),)",0.010824147399418997,0.4067796610169491,2.838646515327663
"(np.int64(4), np.int64(18), np.int64(139))","(np.int64(3),)",0.014273017894331915,0.6497584541062803,2.836818241715999
"(np.int64(83), np.int64(122))","(np.int64(139),)",0.010664968761192248,0.4547511312217195,2.8344211268633126
"(np.int64(18), np.int64(40))","(np.int64(152),)",0.01030681682518206,0.40616832200731834,2.834380384260456
"(np.int64(3), np.int64(4), np.int64(24))","(np.int64(122),)",0.013835276639208352,0.5335038363171355,2.8331398780247885
"(np.int64(3), np.int64(4), np.int64(139))","(np.int64(155),)",0.01230981468953533,0.43283582089552236,2.8287987888903983
"(np.int64(3), np.int64(4), np.int64(104))","(np.int64(122),)",0.014684229376417685,0.5324675324675325,2.827636649065221
"(np.int64(3), np.int64(150))","(np.int64(152),)",0.010771087853343415,0.4045839561534629,2.823324141677414
"(np.int64(18), np.int64(24), np.int64(122))","(np.int64(3),)",0.010426200803852124,0.6458504519309778,2.819756067627302
"(np.int64(24), np.int64(122), np.int64(139))","(np.int64(3),)",0.010399671030814331,0.6431501230516816,2.8079665446514808
"(np.int64(24), np.int64(104))","(np.int64(139),)",0.013092442994150185,0.44863636363636367,2.796308354316209
"(np.int64(104), np.int64(139))","(np.int64(152),)",0.014551580511228726,0.40065741417092765,2.7959233992505528
"(np.int64(4), np.int64(18), np.int64(24))","(np.int64(3),)",0.013503654476235956,0.6394472361809045,2.791799895405678
"(np.int64(3), np.int64(4), np.int64(18))","(np.int64(122),)",0.01555971188666481,0.5250671441360788,2.7883373341072537
"(np.int64(3), np.int64(83))","(np.int64(104),)",0.010068048867841935,0.4005277044854881,2.784193827390271
"(np.int64(4), np.int64(18), np.int64(122))","(np.int64(3),)",0.01555971188666481,0.6375,2.7832983436613192
"(np.int64(3), np.int64(4), np.int64(155))","(np.int64(122),)",0.013623038454906018,0.5229124236252546,2.7768948210648823
"(np.int64(43), np.int64(152))","(np.int64(139),)",0.011169034448910289,0.4455026455026455,2.7767761832582005
"(np.int64(67), np.int64(152))","(np.int64(139),)",0.010638438988154456,0.4443213296398892,2.769413152340829
"(np.int64(4), np.int64(24), np.int64(139))","(np.int64(3),)",0.01349038958971706,0.6328562538892346,2.7630239423146885
"(np.int64(24), np.int64(139), np.int64(152))","(np.int64(4),)",0.01110271001631581,0.7888784165881244,2.7563578601839516
"(np.int64(3), np.int64(83))","(np.int64(139),)",0.011115974902834707,0.44221635883905014,2.756293066870564
"(np.int64(4), np.int64(122), np.int64(139))","(np.int64(3),)",0.015214824837173518,0.6309130913091309,2.7545401757410928
"(np.int64(43), np.int64(104))","(np.int64(18),)",0.010943531378089061,0.47715442452284557,2.7530415277440503
"(np.int64(18), np.int64(104), np.int64(152))","(np.int64(4),)",0.010558849669041082,0.7873392680514342,2.7509800426674764
"(np.int64(24), np.int64(152))","(np.int64(139),)",0.014074044596548476,0.44079767345243037,2.7474505339858095
"(np.int64(4), np.int64(40), np.int64(122))","(np.int64(3),)",0.010824147399418997,0.6291441788743253,2.7468171780157964
"(np.int64(43), np.int64(104))","(np.int64(139),)",0.010094578640879728,0.4401388085598612,2.7433438909385908
"(np.int64(3), np.int64(43), np.int64(152))","(np.int64(4),)",0.010267022165625373,0.782608695652174,2.734451322725734
"(np.int64(3), np.int64(24), np.int64(152))","(np.int64(4),)",0.012933264355923435,0.7818765036086608,2.731893028251118
"(np.int64(4), np.int64(24), np.int64(122))","(np.int64(3),)",0.013835276639208352,0.6234309623430963,2.7218735135321133
"(np.int64(18), np.int64(24), np.int64(139))","(np.int64(4),)",0.011248623768023665,0.7758462946020128,2.7108233505358705
"(np.int64(24), np.int64(43))","(np.int64(139),)",0.010890471832013478,0.43485169491525427,2.710389807736773
"(np.int64(18), np.int64(24), np.int64(152))","(np.int64(4),)",0.010824147399418997,0.7756653992395437,2.7101912983162535
"(np.int64(3), np.int64(24), np.int64(155))","(np.int64(4),)",0.011779219228779498,0.7755458515283843,2.7097735960868703
"(np.int64(104), np.int64(122), np.int64(152))","(np.int64(4),)",0.010837412285937894,0.7751423149905124,2.708363630894965
"(np.int64(24), np.int64(104), np.int64(139))","(np.int64(4),)",0.010107843527398623,0.7720364741641338,2.697511757406913
"(np.int64(3), np.int64(83))","(np.int64(18),)",0.011686365023147228,0.4649076517150396,2.682381229132228
"(np.int64(18), np.int64(139), np.int64(152))","(np.int64(4),)",0.011195564221948081,0.7665758401453224,2.678432186736903
"(np.int64(18), np.int64(40))","(np.int64(139),)",0.010903736718532373,0.4296915838996341,2.6782273200034488
"(np.int64(139), np.int64(150))","(np.int64(122),)",0.01005478398132304,0.5039893617021276,2.676405044423661
"(np.int64(4), np.int64(83))","(np.int64(139),)",0.01364956822794381,0.4289287203001251,2.673472462775157
"(np.int64(24), np.int64(122), np.int64(155))","(np.int64(4),)",0.010014989321766352,0.7649442755825734,2.6727314656722037
"(np.int64(3), np.int64(43), np.int64(139))","(np.int64(4),)",0.010532319896003289,0.7649325626204239,2.672690540334904
"(np.int64(18), np.int64(67))","(np.int64(139),)",0.010267022165625373,0.42786069651741293,2.6668155707613233
"(np.int64(24), np.int64(104), np.int64(122))","(np.int64(4),)",0.010160903073474207,0.7614314115308152,2.6604574444324047
"(np.int64(3), np.int64(104), np.int64(152))","(np.int64(4),)",0.013118972767187976,0.7613548883756736,2.660190070911054
"(np.int64(3), np.int64(67))","(np.int64(139),)",0.011925132980487353,0.42647058823529416,2.658151156287236
"(np.int64(3), np.int64(24), np.int64(139))","(np.int64(4),)",0.01349038958971706,0.7606581899775617,2.6577557919836137
"(np.int64(24), np.int64(67))","(np.int64(139),)",0.011779219228779498,0.42589928057553955,2.654590249255742
"(np.int64(122), np.int64(171))","(np.int64(155),)",0.010028254208285249,0.406015037593985,2.65351154218446
"(np.int64(3), np.int64(152), np.int64(155))","(np.int64(4),)",0.011964927640044039,0.7592592592592593,2.652867898488032
"(np.int64(18), np.int64(104), np.int64(122))","(np.int64(4),)",0.011606775704033852,0.7582322357019063,2.649279456472915
"(np.int64(24), np.int64(122), np.int64(152))","(np.int64(4),)",0.011129239789353602,0.7579042457091237,2.6481334525061975
"(np.int64(24), np.int64(122), np.int64(139))","(np.int64(4),)",0.012243490256940852,0.7571780147662017,2.645595986243032
"(np.int64(18), np.int64(67))","(np.int64(122),)",0.011951662753525143,0.498065229408513,2.6449452979303727
"(np.int64(3), np.int64(18), np.int64(152))","(np.int64(4),)",0.014047514823510686,0.7564285714285715,2.642977415382171
"(np.int64(3), np.int64(24), np.int64(104))","(np.int64(4),)",0.011779219228779498,0.7563884156729132,2.6428371103232253
"(np.int64(122), np.int64(171))","(np.int64(139),)",0.01046599546340881,0.4237379162191192,2.6411186680455345
"(np.int64(83), np.int64(122))","(np.int64(18),)",0.010731293193786727,0.45757918552036203,2.640098121752911
"(np.int64(4), np.int64(56))","(np.int64(139),)",0.011023120697202436,0.4231160896130346,2.637242881162285
"(np.int64(122), np.int64(150))","(np.int64(139),)",0.01005478398132304,0.4229910714285714,2.636463654550286
"(np.int64(18), np.int64(83))","(np.int64(122),)",0.010731293193786727,0.4960147148988351,2.634056164558924
"(np.int64(104), np.int64(139), np.int64(152))","(np.int64(4),)",0.010970061151126852,0.7538742023701003,2.63405239590632
"(np.int64(122), np.int64(139), np.int64(155))","(np.int64(4),)",0.010718028307267832,0.753731343283582,2.6335532432387563
"(np.int64(43), np.int64(152))","(np.int64(18),)",0.011434332179288206,0.4560846560846561,2.631475123852286
"(np.int64(24), np.int64(43))","(np.int64(18),)",0.01142106729276931,0.4560381355932204,2.631206714217519
"(np.int64(40), np.int64(152))","(np.int64(122),)",0.011288418427580353,0.4953434225844005,2.630491307295731
"(np.int64(122), np.int64(139), np.int64(152))","(np.int64(4),)",0.011911868093968455,0.7520938023450585,2.627831640590792
"(np.int64(18), np.int64(104), np.int64(139))","(np.int64(4),)",0.011062915356759124,0.7520288548241659,2.627604712580154
"(np.int64(18), np.int64(104))","(np.int64(139),)",0.014710759149455476,0.42103264996203493,2.6242569973284766
"(np.int64(3), np.int64(139), np.int64(155))","(np.int64(4),)",0.01230981468953533,0.750202101859337,2.6212219991133594
"(np.int64(3), np.int64(18), np.int64(24))","(np.int64(4),)",0.013503654476235956,0.7501842299189387,2.6211595541758914
"(np.int64(3), np.int64(104), np.int64(139))","(np.int64(4),)",0.013994455277435102,0.749822316986496,2.619895022741054
"(np.int64(3), np.int64(139), np.int64(152))","(np.int64(4),)",0.014020985050472893,0.7496453900709219,2.6192768363587593
"(np.int64(3), np.int64(40))","(np.int64(139),)",0.01307917810763129,0.419931856899489,2.617395857468522
"(np.int64(40), np.int64(152))","(np.int64(18),)",0.01030681682518206,0.4522700814901048,2.6094661436778304
"(np.int64(24), np.int64(40))","(np.int64(122),)",0.011301683314099248,0.49134948096885817,2.6092817217384696
"(np.int64(152), np.int64(155))","(np.int64(139),)",0.012601642192951039,0.4183179216204315,2.607336350326537
"(np.int64(104), np.int64(122), np.int64(155))","(np.int64(4),)",0.010333346598219852,0.7461685823754789,2.6071287967899623
"(np.int64(3), np.int64(18), np.int64(43))","(np.int64(4),)",0.01142106729276931,0.7461005199306758,2.6068909851693483
"(np.int64(18), np.int64(122), np.int64(152))","(np.int64(4),)",0.011925132980487353,0.7454394693200664,2.604581260364843
"(np.int64(3), np.int64(122), np.int64(152))","(np.int64(4),)",0.014471991192115351,0.7447098976109215,2.6020321213938886
"(np.int64(18), np.int64(122), np.int64(155))","(np.int64(4),)",0.010744558080305623,0.743801652892562,2.598858695152557
"(np.int64(24), np.int64(40))","(np.int64(18),)",0.010359876371257643,0.45040369088811993,2.5986976155657966
"(np.int64(40), np.int64(104))","(np.int64(122),)",0.011155769562391393,0.4892379290285049,2.5980684527804945
"(np.int64(3), np.int64(43), np.int64(122))","(np.int64(4),)",0.011155769562391393,0.7429328621908128,2.5958231220791066
"(np.int64(18), np.int64(24), np.int64(122))","(np.int64(4),)",0.011991457413081831,0.7428101889893179,2.5953944993204354
"(np.int64(104), np.int64(122), np.int64(139))","(np.int64(4),)",0.011593510817514956,0.7425658453695837,2.5945407575489807
"(np.int64(4), np.int64(39))","(np.int64(139),)",0.011474126838844894,0.4160654160654161,2.593296694578216
"(np.int64(3), np.int64(24), np.int64(122))","(np.int64(4),)",0.013835276639208352,0.7418207681365576,2.5919374419498826
"(np.int64(3), np.int64(40), np.int64(122))","(np.int64(4),)",0.010824147399418997,0.7418181818181818,2.591928405298817
"(np.int64(18), np.int64(122), np.int64(139))","(np.int64(4),)",0.012376139122129811,0.7416534181240064,2.5913527174691544
"(np.int64(3), np.int64(122), np.int64(155))","(np.int64(4),)",0.013623038454906018,0.7415162454873646,2.5908734333776398
"(np.int64(24), np.int64(122))","(np.int64(139),)",0.01616989666653402,0.41561541084214115,2.5904918542502267
"(np.int64(43), np.int64(139))","(np.int64(18),)",0.012150636051308582,0.44879960803527685,2.589442526477531
"(np.int64(83), np.int64(139))","(np.int64(122),)",0.010664968761192248,0.4875682231655549,2.5892015807115873
"(np.int64(3), np.int64(104), np.int64(122))","(np.int64(4),)",0.014684229376417685,0.7409638554216867,2.5889433708136216
"(np.int64(40), np.int64(122))","(np.int64(139),)",0.012455728441243185,0.4153029632905794,2.588544397981555
"(np.int64(24), np.int64(155))","(np.int64(139),)",0.012084311618714101,0.4150341685649202,2.586869025680334
"(np.int64(3), np.int64(122), np.int64(139))","(np.int64(4),)",0.015214824837173518,0.7395228884590587,2.5839086017919475
"(np.int64(3), np.int64(104), np.int64(155))","(np.int64(4),)",0.012681231512064415,0.7382239382239382,2.5793700422176506
"(np.int64(122), np.int64(152))","(np.int64(139),)",0.015838274503561622,0.4128630705394191,2.5733367754241576
"(np.int64(3), np.int64(18), np.int64(139))","(np.int64(4),)",0.014273017894331915,0.7364818617385352,2.5732831901595734
"(np.int64(18), np.int64(43), np.int64(122))","(np.int64(4),)",0.010001724435247456,0.7363281249999999,2.5727460307459675
"(np.int64(104), np.int64(122))","(np.int64(139),)",0.015612771432740393,0.41254819488257977,2.571374185003145
"(np.int64(24), np.int64(83))","(np.int64(122),)",0.01030681682518206,0.4838107098381071,2.569247533288629
"(np.int64(3), np.int64(24))","(np.int64(139),)",0.017735153275763724,0.41214549938347717,2.5688642217463573
"(np.int64(18), np.int64(152))","(np.int64(139),)",0.01460464005730431,0.4114349775784753,2.564435606011452
"(np.int64(3), np.int64(150))","(np.int64(139),)",0.010943531378089061,0.4110612855007474,2.5621064183583995
"(np.int64(43), np.int64(122))","(np.int64(18),)",0.013583243795349332,0.4438664932813178,2.5609798966017685
"(np.int64(104), np.int64(155))","(np.int64(139),)",0.013211826972820247,0.41072164948453604,2.559989498940944
"(np.int64(24), np.int64(104))","(np.int64(18),)",0.01294652924244233,0.4436363636363636,2.5596521158315126
"(np.int64(24), np.int64(171))","(np.int64(122),)",0.01046599546340881,0.48197923029932804,2.5595215718917617
"(np.int64(104), np.int64(150))","(np.int64(3),)",0.010519055009484394,0.585672082717873,2.5570198239330684
"(np.int64(18), np.int64(40))","(np.int64(122),)",0.012190430710865268,0.4803972817564035,2.5511207297668355
"(np.int64(3), np.int64(43))","(np.int64(18),)",0.01530767904280579,0.4416379640260238,2.5481219343356694
"(np.int64(122), np.int64(171))","(np.int64(18),)",0.010903736718532373,0.4414607948442535,2.5470997199543657
"(np.int64(3), np.int64(150))","(np.int64(18),)",0.011712894796185019,0.43996013951170904,2.5384413774199612
"(np.int64(3), np.int64(18), np.int64(155))","(np.int64(4),)",0.012999588788517914,0.7253886010362695,2.534523102814296
"(np.int64(18), np.int64(150))","(np.int64(122),)",0.010094578640879728,0.47711598746081507,2.5336956147300977
"(np.int64(3), np.int64(152))","(np.int64(139),)",0.018703489991643122,0.40575539568345326,2.5290353050341867
"(np.int64(40), np.int64(155))","(np.int64(122),)",0.010678233647711144,0.47548730064973416,2.5250465718569677
"(np.int64(4), np.int64(40))","(np.int64(139),)",0.01571889052489156,0.4048513836692859,2.523400682982758
"(np.int64(24), np.int64(152))","(np.int64(18),)",0.013954660617878414,0.4370585791441628,2.521700222404791
"(np.int64(83), np.int64(152))","(np.int64(3),)",0.011023120697202436,0.5770833333333334,2.519521703248972
"(np.int64(18), np.int64(24))","(np.int64(139),)",0.014498520965153142,0.40361890694239294,2.51571877120018
"(np.int64(3), np.int64(18), np.int64(122))","(np.int64(4),)",0.01555971188666481,0.7196319018404909,2.514409074158745
"(np.int64(18), np.int64(43))","(np.int64(139),)",0.012150636051308582,0.40316901408450706,2.5129146312351165
"(np.int64(3), np.int64(83))","(np.int64(122),)",0.011885338320930664,0.47282321899736146,2.5108991272579666
"(np.int64(3), np.int64(18), np.int64(104))","(np.int64(4),)",0.013848541525727247,0.7185134205092911,2.5105010767488847
"(np.int64(24), np.int64(155))","(np.int64(18),)",0.012628171965988831,0.4337129840546697,2.502397116862803
"(np.int64(43), np.int64(122))","(np.int64(139),)",0.01228328491649754,0.40138708279150415,2.5018080207030278
"(np.int64(150), np.int64(152))","(np.int64(3),)",0.010771087853343415,0.5722339675828049,2.4983495751528877
"(np.int64(67), np.int64(152))","(np.int64(122),)",0.011248623768023665,0.46980609418282554,2.494876868284071
"(np.int64(139), np.int64(171))","(np.int64(122),)",0.01046599546340881,0.46964285714285714,2.4940100078492935
"(np.int64(4), np.int64(83))","(np.int64(18),)",0.013729157547057185,0.4314297624010004,2.48922359544805
"(np.int64(3), np.int64(40))","(np.int64(122),)",0.014591375170785414,0.46848381601362865,2.4878549899844624
"(np.int64(83), np.int64(104))","(np.int64(3),)",0.010068048867841935,0.5693923480870218,2.4859431832533914
"(np.int64(40), np.int64(139))","(np.int64(122),)",0.012455728441243185,0.4680957128614157,2.4857939916514193
"(np.int64(24), np.int64(43))","(np.int64(122),)",0.011712894796185019,0.4676906779661017,2.4836430783199854
"(np.int64(150), np.int64(155))","(np.int64(3),)",0.01043946569037102,0.5686416184971098,2.4826655292547413
"(np.int64(43), np.int64(104))","(np.int64(122),)",0.010718028307267832,0.46732215153267787,2.4816860409688637
"(np.int64(43), np.int64(155))","(np.int64(122),)",0.010028254208285249,0.4672435105067985,2.4812684225539603
"(np.int64(43), np.int64(152))","(np.int64(122),)",0.011686365023147228,0.4661375661375662,2.475395371823944
"(np.int64(3), np.int64(150))","(np.int64(122),)",0.012402668895167602,0.465869456900847,2.473971593926751
"(np.int64(67), np.int64(139))","(np.int64(122),)",0.01205778184567631,0.46259541984732827,2.4565850180354
"(np.int64(104), np.int64(152))","(np.int64(18),)",0.013410800270603686,0.42550505050505055,2.4550397399681807
"(np.int64(3), np.int64(171))","(np.int64(18),)",0.01310570788066908,0.425312096427034,2.453926451350437
"(np.int64(122), np.int64(150))","(np.int64(18),)",0.010094578640879728,0.4246651785714286,2.4501939244576985
"(np.int64(24), np.int64(152))","(np.int64(122),)",0.014684229376417685,0.45990859991690897,2.442316823185124
"(np.int64(3), np.int64(67))","(np.int64(122),)",0.012840410150291165,0.459203036053131,2.438569968930501
"(np.int64(24), np.int64(139))","(np.int64(122),)",0.01616989666653402,0.4587881068874671,2.436366512674379
"(np.int64(24), np.int64(67))","(np.int64(122),)",0.012681231512064415,0.45851318944844127,2.4349065802303214
"(np.int64(4), np.int64(7))","(np.int64(3),)",0.01069149853423004,0.5570145127850725,2.4319020718902102
"(np.int64(40), np.int64(152))","(np.int64(3),)",0.012681231512064415,0.5564610011641444,2.429485463297698
"(np.int64(24), np.int64(104))","(np.int64(122),)",0.013344475838009205,0.4572727272727273,2.428319180819181
"(np.int64(3), np.int64(174))","(np.int64(18),)",0.010492525236446603,0.42074468085106387,2.427573798815181
"(np.int64(152), np.int64(155))","(np.int64(18),)",0.012654701739026622,0.4200792602377807,2.423734516420142
"(np.int64(4), np.int64(43))","(np.int64(18),)",0.017204557815007893,0.4200129533678757,2.42335194516639
"(np.int64(4), np.int64(83))","(np.int64(122),)",0.014485256078634247,0.45518966235931635,2.41725719049604
"(np.int64(18), np.int64(150))","(np.int64(3),)",0.011712894796185019,0.5536050156739812,2.417016350067436
"(np.int64(3), np.int64(24))","(np.int64(18),)",0.018000451006141643,0.41831072749691744,2.413530599556874
"(np.int64(104), np.int64(171))","(np.int64(3),)",0.011659835250109435,0.5521356783919598,2.4106012849328007
"(np.int64(152), np.int64(171))","(np.int64(3),)",0.011407802406250415,0.5519897304236201,2.4099640822056783
"(np.int64(4), np.int64(170))","(np.int64(3),)",0.010930266491570164,0.5519089082384461,2.4096112159246963
"(np.int64(43), np.int64(139))","(np.int64(122),)",0.01228328491649754,0.4536991670749632,2.4093420053733623
"(np.int64(18), np.int64(104))","(np.int64(3),)",0.019273880111955643,0.5516324981017464,2.408404420825642
"(np.int64(122), np.int64(152))","(np.int64(18),)",0.01599745314178837,0.41701244813278004,2.406039907193165
"(np.int64(18), np.int64(171))","(np.int64(122),)",0.010903736718532373,0.45289256198347105,2.4050585777858506
"(np.int64(4), np.int64(39))","(np.int64(122),)",0.01246899332776208,0.4521404521404521,2.4010645439216867
"(np.int64(3), np.int64(67))","(np.int64(18),)",0.011633305477071644,0.416034155597723,2.400395445281306
"(np.int64(139), np.int64(152))","(np.int64(18),)",0.01460464005730431,0.415158371040724,2.39534242443342
"(np.int64(139), np.int64(150))","(np.int64(3),)",0.010943531378089061,0.5485372340425532,2.3948906273681563
"(np.int64(24), np.int64(122))","(np.int64(18),)",0.016143366893496228,0.4149335151721787,2.3940450718111923
"(np.int64(18), np.int64(43))","(np.int64(122),)",0.013583243795349332,0.45070422535211274,2.3934375483671264
"(np.int64(18), np.int64(152))","(np.int64(122),)",0.01599745314178837,0.4506726457399102,2.393269846745183
"(np.int64(139), np.int64(152))","(np.int64(122),)",0.015838274503561622,0.4502262443438914,2.390899259111929
"(np.int64(4), np.int64(39))","(np.int64(18),)",0.01142106729276931,0.41414141414141414,2.3894748804438075
"(np.int64(4), np.int64(150))","(np.int64(18),)",0.013158767426744664,0.41402337228714525,2.3887938134556115
"(np.int64(24), np.int64(155))","(np.int64(122),)",0.013092442994150185,0.44965831435079723,2.3878833012090417
"(np.int64(104), np.int64(152))","(np.int64(3),)",0.017231087588045684,0.5467171717171717,2.3869443113593807
"(np.int64(4), np.int64(54))","(np.int64(3),)",0.010638438988154456,0.5466939331970007,2.386842852952006
"(np.int64(18), np.int64(24))","(np.int64(122),)",0.016143366893496228,0.44940915805022164,2.386560171733732
"(np.int64(3), np.int64(40))","(np.int64(18),)",0.012866939923328956,0.4131175468483816,2.3835674655027512
"(np.int64(18), np.int64(171))","(np.int64(3),)",0.01310570788066908,0.5443526170798898,2.376620764684175
"(np.int64(4), np.int64(150))","(np.int64(122),)",0.014206693461737434,0.4469949916527546,2.3737398869911392
"(np.int64(24), np.int64(139))","(np.int64(18),)",0.014498520965153142,0.41136620248400446,2.3734627205465824
"(np.int64(24), np.int64(150))","(np.int64(3),)",0.010121108413917519,0.5434472934472935,2.3726681595593395
"(np.int64(40), np.int64(104))","(np.int64(3),)",0.012389404008648706,0.5433391506689936,2.3721960127111497
"(np.int64(18), np.int64(139))","(np.int64(122),)",0.016687227240770954,0.4462575381340901,2.369823684651638
"(np.int64(139), np.int64(155))","(np.int64(122),)",0.014219958348256331,0.4457380457380458,2.367064951680337
"(np.int64(40), np.int64(139))","(np.int64(18),)",0.010903736718532373,0.4097706879361914,2.3642570680732944
"(np.int64(139), np.int64(155))","(np.int64(18),)",0.013065913221112394,0.40956340956340964,2.363061132462633
"(np.int64(43), np.int64(104))","(np.int64(3),)",0.012389404008648706,0.5401966454598034,2.3584759663681125
"(np.int64(18), np.int64(83))","(np.int64(3),)",0.011686365023147228,0.5401594114040467,2.3583134040375784
"(np.int64(104), np.int64(152))","(np.int64(122),)",0.013981190390916205,0.4436026936026936,2.3557252932252934
"(np.int64(4), np.int64(10))","(np.int64(3),)",0.011049650470240226,0.53915857605178,2.353943798738376
"(np.int64(83), np.int64(155))","(np.int64(4),)",0.011447597065807101,0.6736924277907884,2.3538955809169524
"(np.int64(4), np.int64(40))","(np.int64(122),)",0.017204557815007893,0.44311581824393576,2.3531397710591424
"(np.int64(3), np.int64(174))","(np.int64(122),)",0.011023120697202436,0.4420212765957447,2.34732727379004
"(np.int64(40), np.int64(122))","(np.int64(18),)",0.012190430710865268,0.40645731977001326,2.3451399024569106
"(np.int64(40), np.int64(83))","(np.int64(4),)",0.010134373300436414,0.6707638279192274,2.343662991070949
"(np.int64(18), np.int64(39))","(np.int64(4),)",0.01142106729276931,0.6700389105058366,2.3411301143077266
"(np.int64(40), np.int64(43))","(np.int64(3),)",0.010081313754360832,0.535966149506347,2.3400057979287068
"(np.int64(4), np.int64(106))","(np.int64(122),)",0.01100985581068354,0.440552016985138,2.3395248594293183
"(np.int64(104), np.int64(139))","(np.int64(18),)",0.014710759149455476,0.40504017531044556,2.3369633932441882
"(np.int64(155), np.int64(171))","(np.int64(122),)",0.010028254208285249,0.4400465657741561,2.3368406913226476
"(np.int64(4), np.int64(56))","(np.int64(18),)",0.010545584782522186,0.40478615071283097,2.3354977455830546
"(np.int64(104), np.int64(122))","(np.int64(18),)",0.01530767904280579,0.40448650543287773,2.3337688799225744
"(np.int64(104), np.int64(155))","(np.int64(3),)",0.017178028041970102,0.534020618556701,2.3315116911527203
"(np.int64(24), np.int64(171))","(np.int64(3),)",0.011593510817514956,0.5339034819792303,2.3310002777534162
"(np.int64(24), np.int64(104))","(np.int64(3),)",0.015572976773183705,0.5336363636363637,2.3298340502377104
"(np.int64(83), np.int64(152))","(np.int64(4),)",0.012721026171621103,0.6659722222222223,2.3269210194969725
"(np.int64(18), np.int64(104))","(np.int64(122),)",0.01530767904280579,0.43811693242217165,2.326593490033126
"(np.int64(4), np.int64(174))","(np.int64(122),)",0.012747555944658893,0.4380127620783956,2.326040299718513
"(np.int64(3), np.int64(152))","(np.int64(18),)",0.018570841126454164,0.40287769784172667,2.3244865304756046
"(np.int64(122), np.int64(171))","(np.int64(3),)",0.013145502540225769,0.5322234156820623,2.3236651785500455
"(np.int64(139), np.int64(152))","(np.int64(3),)",0.018703489991643122,0.5316742081447964,2.3212673614068318
"(np.int64(24), np.int64(39))","(np.int64(4),)",0.011407802406250415,0.6635802469135802,2.3185634072151498
"(np.int64(24), np.int64(150))","(np.int64(4),)",0.012336344462573123,0.6623931623931625,2.3144157088122608
"(np.int64(39), np.int64(152))","(np.int64(4),)",0.010160903073474207,0.662057044079516,2.3132413043206563
"(np.int64(83), np.int64(104))","(np.int64(4),)",0.011686365023147228,0.6609152288072019,2.3092517776273884
"(np.int64(4), np.int64(174))","(np.int64(18),)",0.01164657036359054,0.4001823154056518,2.3089349618464623
"(np.int64(43), np.int64(155))","(np.int64(3),)",0.011341477973655936,0.5284301606922126,2.307103985875012
"(np.int64(3), np.int64(39))","(np.int64(4),)",0.01326488651889583,0.6596306068601583,2.3047632813944547
"(np.int64(40), np.int64(155))","(np.int64(3),)",0.011845543661373976,0.5274660366213821,2.3028946604955194
"(np.int64(3), np.int64(24))","(np.int64(122),)",0.018650430445567537,0.43341553637484587,2.301627010474113
"(np.int64(3), np.int64(43))","(np.int64(122),)",0.01501585153939008,0.43321852277076156,2.3005807816370387
"(np.int64(139), np.int64(171))","(np.int64(3),)",0.011712894796185019,0.5255952380952381,2.294726832355691
"(np.int64(4), np.int64(97))","(np.int64(3),)",0.010293551938663164,0.5250338294993233,2.29227574590059
"(np.int64(104), np.int64(122))","(np.int64(3),)",0.019817740459230373,0.5236593059936909,2.2862746337491386
"(np.int64(104), np.int64(155))","(np.int64(122),)",0.013848541525727247,0.4305154639175257,2.2862263509686187
"(np.int64(3), np.int64(97))","(np.int64(4),)",0.010293551938663164,0.654300168634064,2.286138617575834
"(np.int64(43), np.int64(152))","(np.int64(3),)",0.013118972767187976,0.5232804232804232,2.2846204476655623
"(np.int64(18), np.int64(152))","(np.int64(3),)",0.018570841126454164,0.523168908819133,2.28413358019042
"(np.int64(152), np.int64(155))","(np.int64(3),)",0.015758685184448246,0.523117569352708,2.28390943422671
"(np.int64(104), np.int64(139))","(np.int64(122),)",0.015612771432740393,0.42987582176771366,2.2828295699917325
"(np.int64(56), np.int64(139))","(np.int64(4),)",0.011023120697202436,0.6533018867924528,2.2826505997229627
"(np.int64(122), np.int64(150))","(np.int64(3),)",0.012402668895167602,0.5217633928571429,2.277997156270425
"(np.int64(150), np.int64(152))","(np.int64(4),)",0.012270020029978644,0.6518675123326286,2.2776388650454154
"(np.int64(24), np.int64(155))","(np.int64(3),)",0.015188295064135725,0.521640091116173,2.277458826025073
"(np.int64(152), np.int64(155))","(np.int64(122),)",0.012893469696366748,0.4280052840158521,2.272896192314951
"(np.int64(3), np.int64(83))","(np.int64(4),)",0.01631581041824187,0.6490765171503957,2.2678870688921435
"(np.int64(3), np.int64(171))","(np.int64(122),)",0.013145502540225769,0.4266035299182092,2.26545226190082
"(np.int64(43), np.int64(171))","(np.int64(4),)",0.010121108413917519,0.6482582837723024,2.265028144176055
"(np.int64(18), np.int64(139))","(np.int64(3),)",0.01937999920410681,0.5182688896771905,2.262740301505436
"(np.int64(24), np.int64(152))","(np.int64(3),)",0.0165413134890631,0.5180722891566264,2.2618819518532804
"(np.int64(4), np.int64(67))","(np.int64(122),)",0.016395399737355248,0.42532690984170685,2.2586728481429104
"(np.int64(4), np.int64(150))","(np.int64(3),)",0.016408664623874143,0.5162771285475793,2.2540443556967835
"(np.int64(39), np.int64(122))","(np.int64(4),)",0.01246899332776208,0.6433949349760437,2.248035500697025
"(np.int64(139), np.int64(155))","(np.int64(3),)",0.016408664623874143,0.5143451143451144,2.245609262473802
"(np.int64(104), np.int64(139))","(np.int64(3),)",0.018663695332086436,0.5138787436084734,2.24357310733839
"(np.int64(56), np.int64(122))","(np.int64(4),)",0.01085067717245679,0.6415686274509804,2.2416543436061858
"(np.int64(18), np.int64(174))","(np.int64(3),)",0.010492525236446603,0.5133030499675536,2.2410596529741103
"(np.int64(3), np.int64(152))","(np.int64(122),)",0.01943305875018239,0.42158273381294964,2.238789627638549
"(np.int64(4), np.int64(83))","(np.int64(3),)",0.01631581041824187,0.5127136306794498,2.238486273008147
"(np.int64(3), np.int64(12))","(np.int64(4),)",0.01148739172536379,0.640059127864006,2.2363801201466362
"(np.int64(39), np.int64(139))","(np.int64(4),)",0.011474126838844894,0.6393200295639321,2.2337976950656353
"(np.int64(150), np.int64(155))","(np.int64(4),)",0.011712894796185019,0.6380057803468208,2.2292056805249247
"(np.int64(155), np.int64(171))","(np.int64(3),)",0.011606775704033852,0.5093131548311991,2.2236399376417215
"(np.int64(43), np.int64(139))","(np.int64(3),)",0.013768952206613873,0.5085742283194512,2.2204138153888033
"(np.int64(3), np.int64(10))","(np.int64(4),)",0.011049650470240226,0.6353928299008391,2.220075976443018
"(np.int64(83), np.int64(139))","(np.int64(3),)",0.011115974902834707,0.5081867798665859,2.2187222316443105
"(np.int64(4), np.int64(56))","(np.int64(3),)",0.01323835674585804,0.5081466395112016,2.2185469805311264
"(np.int64(24), np.int64(83))","(np.int64(3),)",0.010824147399418997,0.5080946450809465,2.2183199750227205
"(np.int64(18), np.int64(43))","(np.int64(3),)",0.01530767904280579,0.5079225352112676,2.217568550528281
"(np.int64(18), np.int64(83))","(np.int64(4),)",0.013729157547057185,0.6345800122624158,2.217235974435796
"(np.int64(24), np.int64(83))","(np.int64(4),)",0.013503654476235956,0.6338729763387299,2.2147655759755205
"(np.int64(18), np.int64(40))","(np.int64(3),)",0.012866939923328956,0.5070569785676947,2.21378956641471
"(np.int64(83), np.int64(122))","(np.int64(3),)",0.011885338320930664,0.5067873303167421,2.2126122934260866
"(np.int64(4), np.int64(56))","(np.int64(122),)",0.01085067717245679,0.4164969450101833,2.2117818535842977
"(np.int64(122), np.int64(152))","(np.int64(3),)",0.01943305875018239,0.5065698478561549,2.211662774096945
"(np.int64(122), np.int64(155))","(np.int64(3),)",0.018371867828670726,0.5063985374771481,2.2109148401453504
"(np.int64(3), np.int64(139))","(np.int64(122),)",0.020573838990807433,0.416152401395224,2.209952175541121
"(np.int64(4), np.int64(43))","(np.int64(122),)",0.017032114290262246,0.41580310880829013,2.208097278369299
"(np.int64(4), np.int64(12))","(np.int64(3),)",0.01148739172536379,0.5055458260361938,2.2071919376493048
"(np.int64(139), np.int64(150))","(np.int64(4),)",0.012601642192951039,0.6316489361702127,2.2069947326225354
"(np.int64(152), np.int64(171))","(np.int64(4),)",0.013052648334593497,0.631578947368421,2.2067501902698905
"(np.int64(18), np.int64(56))","(np.int64(4),)",0.010545584782522186,0.6294536817102138,2.1993244671434877
"(np.int64(40), np.int64(152))","(np.int64(4),)",0.014339342326926394,0.6292200232828872,2.1985080596601323
"(np.int64(24), np.int64(139))","(np.int64(3),)",0.017735153275763724,0.5031990967256303,2.196946215605206
"(np.int64(4), np.int64(106))","(np.int64(3),)",0.012548582646875457,0.5021231422505308,2.192248643356736
"(np.int64(104), np.int64(150))","(np.int64(4),)",0.01126188865454256,0.6270310192023634,2.1908596331390697
"(np.int64(152), np.int64(174))","(np.int64(4),)",0.010147638186955311,0.6265356265356266,2.1891287206915684
"(np.int64(18), np.int64(24))","(np.int64(3),)",0.018000451006141643,0.5011078286558346,2.1878158266564776
"(np.int64(18), np.int64(155))","(np.int64(3),)",0.017920861687028267,0.5009269558769003,2.1870261436666403
"(np.int64(4), np.int64(104))","(np.int64(3),)",0.027577699072784432,0.5006019744762822,2.18560728846027
"(np.int64(24), np.int64(40))","(np.int64(3),)",0.011513921498401582,0.5005767012687429,2.185496946692924
"(np.int64(83), np.int64(139))","(np.int64(4),)",0.01364956822794381,0.6240145542753185,2.1803200409322137
"(np.int64(3), np.int64(54))","(np.int64(4),)",0.010638438988154456,0.6226708074534161,2.175624961136943
"(np.int64(3), np.int64(56))","(np.int64(4),)",0.01323835674585804,0.6225826575171554,2.175316963396635
"(np.int64(67), np.int64(104))","(np.int64(4),)",0.012163900937827477,0.6225390359809913,2.175164548827354
"(np.int64(18), np.int64(150))","(np.int64(4),)",0.013158767426744664,0.6219435736677116,2.1730839909199005
"(np.int64(67), np.int64(83))","(np.int64(4),)",0.01180574900181729,0.6215083798882682,2.1715634146568816
"(np.int64(139), np.int64(171))","(np.int64(4),)",0.013808746866170559,0.6196428571428572,2.1650452387573496
"(np.int64(83), np.int64(122))","(np.int64(4),)",0.014485256078634247,0.6176470588235294,2.1580718772492316
"(np.int64(3), np.int64(170))","(np.int64(4),)",0.010930266491570164,0.6167664670658682,2.154995071037014
"(np.int64(40), np.int64(43))","(np.int64(4),)",0.011593510817514956,0.6163610719322989,2.153578611872461
"(np.int64(3), np.int64(150))","(np.int64(4),)",0.016408664623874143,0.6163428001993024,2.153514770051206
"(np.int64(3), np.int64(104))","(np.int64(122),)",0.019817740459230373,0.4052074857607812,2.1518298625703025
"(np.int64(4), np.int64(171))","(np.int64(122),)",0.015029116425908977,0.40493209435310934,2.1503674131443966
"(np.int64(24), np.int64(152))","(np.int64(4),)",0.01963203204796583,0.614873286248442,2.1483802572493187
"(np.int64(4), np.int64(152))","(np.int64(3),)",0.026848130314245162,0.49173955296404276,2.146914326709926
"(np.int64(40), np.int64(155))","(np.int64(4),)",0.013795481979651664,0.6142941523922031,2.146356751315861
"(np.int64(40), np.int64(139))","(np.int64(3),)",0.01307917810763129,0.4915254237288136,2.1459794474224863
"(np.int64(24), np.int64(171))","(np.int64(4),)",0.01333121095149031,0.6139279169211973,2.145077116839929
"(np.int64(67), np.int64(155))","(np.int64(4),)",0.011699629909666123,0.6137787056367432,2.144555769458526
"(np.int64(18), np.int64(155))","(np.int64(122),)",0.01444546141907756,0.4037819799777531,2.144259800266475
"(np.int64(24), np.int64(155))","(np.int64(4),)",0.017867802140952686,0.6136674259681093,2.1441669559444687
"(np.int64(43), np.int64(122))","(np.int64(3),)",0.01501585153939008,0.4906805374945817,2.1422907094517885
"(np.int64(43), np.int64(83))","(np.int64(4),)",0.01164657036359054,0.6127006280530356,2.14078894359632
"(np.int64(24), np.int64(104))","(np.int64(4),)",0.01784127236791489,0.6113636363636363,2.136117466376782
"(np.int64(24), np.int64(40))","(np.int64(4),)",0.014060779710029581,0.6113033448673587,2.135906806614552
"(np.int64(24), np.int64(43))","(np.int64(3),)",0.012243490256940852,0.4888771186440678,2.1344170581583564
"(np.int64(122), np.int64(139))","(np.int64(3),)",0.020573838990807433,0.488503937007874,2.1327877627389005
"(np.int64(40), np.int64(104))","(np.int64(4),)",0.013914865958321726,0.6102385107620709,2.13218625374584
"(np.int64(43), np.int64(104))","(np.int64(4),)",0.01396792550439731,0.6090225563909774,2.127937683474537
"(np.int64(4), np.int64(24))","(np.int64(122),)",0.022192155146112724,0.40062260536398464,2.12748213233127
"(np.int64(122), np.int64(171))","(np.int64(4),)",0.015029116425908977,0.6084854994629431,2.1260611952175053
"(np.int64(40), np.int64(122))","(np.int64(3),)",0.014591375170785414,0.4865103936311367,2.1240840357138184
"(np.int64(24), np.int64(43))","(np.int64(4),)",0.015214824837173518,0.607521186440678,2.1226918651373468
"(np.int64(104), np.int64(152))","(np.int64(4),)",0.019141231246766685,0.6073232323232324,2.122000209267312
"(np.int64(104), np.int64(174))","(np.int64(4),)",0.010505790122965498,0.6068965517241379,2.1205093782363544
"(np.int64(18), np.int64(67))","(np.int64(3),)",0.011633305477071644,0.4847982310668878,2.1166088055504413
"(np.int64(4), np.int64(43))","(np.int64(3),)",0.01985753511878706,0.48477979274611405,2.1165283046129204
"(np.int64(4), np.int64(174))","(np.int64(3),)",0.014100574369586269,0.48450319051959895,2.1153206708577637
"(np.int64(18), np.int64(40))","(np.int64(4),)",0.015360738588881371,0.6053319393622582,2.1150425895764995
"(np.int64(4), np.int64(171))","(np.int64(3),)",0.01797392123310385,0.4842744817726947,2.1143221380319766
"(np.int64(24), np.int64(139))","(np.int64(4),)",0.0213166726358656,0.6048174633044787,2.113244999357376
"(np.int64(122), np.int64(174))","(np.int64(3),)",0.011023120697202436,0.48398369248689577,2.113052564169202
"(np.int64(3), np.int64(24))","(np.int64(4),)",0.02593285314444135,0.6026510480887793,2.105675498807416
"(np.int64(104), np.int64(171))","(np.int64(4),)",0.012707761285102205,0.6017587939698492,2.1025579440584456
"(np.int64(4), np.int64(40))","(np.int64(3),)",0.018690225105124227,0.48138025281858554,2.1016860554372334
"(np.int64(3), np.int64(67))","(np.int64(4),)",0.016806611219441017,0.6010436432637571,2.10005919237694
"(np.int64(4), np.int64(39))","(np.int64(3),)",0.01326488651889583,0.481000481000481,2.100027987559116
"(np.int64(3), np.int64(40))","(np.int64(4),)",0.018690225105124227,0.6000851788756388,2.0967102975480993
"(np.int64(24), np.int64(122))","(np.int64(3),)",0.018650430445567537,0.47937265598363443,2.092920971601219
"(np.int64(18), np.int64(122))","(np.int64(3),)",0.021621765025800203,0.4792708027050867,2.092476284445959
"(np.int64(43), np.int64(155))","(np.int64(4),)",0.012840410150291165,0.5982694684796045,2.0903661670500533
"(np.int64(43), np.int64(139))","(np.int64(4),)",0.016183161553052914,0.5977462028417443,2.088537865852363
"(np.int64(139), np.int64(152))","(np.int64(4),)",0.02102484513244989,0.5976621417797888,2.088244154725294
"(np.int64(122), np.int64(150))","(np.int64(4),)",0.014206693461737434,0.59765625,2.0882235687221913
"(np.int64(40), np.int64(67))","(np.int64(4),)",0.011182299335429186,0.5970254957507083,2.086019700044431
"(np.int64(3), np.int64(106))","(np.int64(4),)",0.012548582646875457,0.5968454258675079,2.085390532066825
"(np.int64(155), np.int64(171))","(np.int64(4),)",0.013583243795349332,0.5960419091967405,2.082583027837165
"(np.int64(43), np.int64(152))","(np.int64(4),)",0.014936262220276705,0.5957671957671958,2.081623173308379
"(np.int64(3), np.int64(7))","(np.int64(4),)",0.01069149853423004,0.5948339483394834,2.078362387072147
"(np.int64(152), np.int64(155))","(np.int64(4),)",0.017894331913990476,0.5940114487010129,2.0754885559521346
"(np.int64(43), np.int64(67))","(np.int64(4),)",0.012588377306432143,0.5934959349593495,2.0736873400435893
"(np.int64(139), np.int64(155))","(np.int64(4),)",0.01892899306246435,0.5933471933471934,2.0731676337071225
"(np.int64(18), np.int64(67))","(np.int64(4),)",0.014233223234775227,0.5931453841901603,2.072462508247294
"(np.int64(67), np.int64(152))","(np.int64(4),)",0.014180163688699643,0.5922437673130194,2.0693122398232573
"(np.int64(18), np.int64(171))","(np.int64(4),)",0.014246488121294122,0.5917355371900826,2.067536473032479
"(np.int64(4), np.int64(18))","(np.int64(3),)",0.029633756483213286,0.473505722763883,2.067306186482935
"(np.int64(106), np.int64(122))","(np.int64(4),)",0.01100985581068354,0.5911680911680912,2.0655538046388995
"(np.int64(40), np.int64(139))","(np.int64(4),)",0.01571889052489156,0.5907278165503489,2.0640154758194824
"(np.int64(139), np.int64(174))","(np.int64(4),)",0.010452730576889915,0.5889387144992526,2.057764315441007
"(np.int64(18), np.int64(24))","(np.int64(4),)",0.021117699338082163,0.5878877400295421,2.0540921884319197
"(np.int64(18), np.int64(139))","(np.int64(4),)",0.021966652075291495,0.5874423554451933,2.0525360052811825
"(np.int64(18), np.int64(152))","(np.int64(4),)",0.02083913672118535,0.5870702541106128,2.0512358753539472
"(np.int64(67), np.int64(139))","(np.int64(4),)",0.015281149269767997,0.5862595419847328,2.048403230052051
"(np.int64(4), np.int64(24))","(np.int64(3),)",0.02593285314444135,0.4681513409961686,2.0439291795724888
"(np.int64(4), np.int64(139))","(np.int64(3),)",0.028439916696512663,0.46720418391806495,2.039793931373786
"(np.int64(3), np.int64(171))","(np.int64(4),)",0.01797392123310385,0.5832974601808006,2.038053653626716
"(np.int64(4), np.int64(155))","(np.int64(3),)",0.026052237123111412,0.4667300380228137,2.0377238302209912
"(np.int64(4), np.int64(122))","(np.int64(3),)",0.03133166195763195,0.46670618454850815,2.0376196869495793
"(np.int64(3), np.int64(152))","(np.int64(4),)",0.026848130314245162,0.5824460431654677,2.0350787845807896
"(np.int64(67), np.int64(152))","(np.int64(3),)",0.011155769562391393,0.4659279778393352,2.03422206899716
"(np.int64(18), np.int64(104))","(np.int64(4),)",0.020321806146948413,0.5816249050873197,2.0322097107813204
"(np.int64(104), np.int64(155))","(np.int64(4),)",0.018690225105124227,0.5810309278350515,2.030134341708427
"(np.int64(104), np.int64(139))","(np.int64(4),)",0.020985050472893205,0.5777940102264427,2.0188244831730087
"(np.int64(104), np.int64(122))","(np.int64(4),)",0.021860532983140328,0.5776375744830003,2.0182778933792154
"(np.int64(155), np.int64(174))","(np.int64(4),)",0.010333346598219852,0.5761834319526628,2.0131970886455037
"(np.int64(24), np.int64(67))","(np.int64(4),)",0.015931128709193894,0.5760191846522782,2.01262320510666
"(np.int64(3), np.int64(139))","(np.int64(4),)",0.028439916696512663,0.5752616045076469,2.009976204070169
"(np.int64(40), np.int64(122))","(np.int64(4),)",0.017204557815007893,0.5736399823087129,2.0043102218347677
"(np.int64(3), np.int64(43))","(np.int64(4),)",0.01985753511878706,0.5729047072330655,2.0017411551807154
"(np.int64(122), np.int64(139))","(np.int64(4),)",0.02411556369135262,0.5725984251968503,2.0006709992730327
"(np.int64(67), np.int64(139))","(np.int64(3),)",0.011925132980487353,0.45750636132315525,1.9974536434278511
"(np.int64(122), np.int64(155))","(np.int64(4),)",0.020733017629034185,0.5714808043875687,1.9967660085449406
"(np.int64(18), np.int64(43))","(np.int64(4),)",0.017204557815007893,0.5708626760563381,1.9946062550917298
"(np.int64(24), np.int64(122))","(np.int64(4),)",0.022192155146112724,0.5704057279236276,1.9930096686586263
"(np.int64(18), np.int64(174))","(np.int64(4),)",0.01164657036359054,0.5697598961713174,1.9907531188666623
"(np.int64(122), np.int64(152))","(np.int64(4),)",0.021807473437064746,0.5684647302904564,1.986227781906129
"(np.int64(3), np.int64(174))","(np.int64(4),)",0.014100574369586269,0.5654255319148936,1.9756087585496889
"(np.int64(3), np.int64(104))","(np.int64(4),)",0.027577699072784432,0.563873067534581,1.9701844151941723
"(np.int64(122), np.int64(174))","(np.int64(4),)",0.012747555944658893,0.5596971461852068,1.9555936577430566
"(np.int64(3), np.int64(155))","(np.int64(4),)",0.026052237123111412,0.5581131003125888,1.9500589679859628
"(np.int64(3), np.int64(122))","(np.int64(4),)",0.03133166195763195,0.5568128241395568,1.94551577555658
"(np.int64(43), np.int64(122))","(np.int64(4),)",0.017032114290262246,0.5565669700910273,1.9446567563149924
"(np.int64(18), np.int64(155))","(np.int64(4),)",0.01991059466486264,0.5565443084909159,1.9445775762052593
"(np.int64(24), np.int64(67))","(np.int64(3),)",0.012203695597384165,0.44124700239808157,1.926465962227612
"(np.int64(4), np.int64(67))","(np.int64(3),)",0.016806611219441017,0.4359944941500344,1.9035337308443065
"(np.int64(3), np.int64(18))","(np.int64(4),)",0.029633756483213286,0.5446123842028279,1.9028871805663046
"(np.int64(67), np.int64(122))","(np.int64(4),)",0.016395399737355248,0.5418676019289785,1.893296853291616
"(np.int64(18), np.int64(122))","(np.int64(4),)",0.02440739119476833,0.5410173478388709,1.8903260475310049
"(np.int64(67), np.int64(122))","(np.int64(3),)",0.012840410150291165,0.4243752740026305,1.8528047015252391
"(np.int64(77),)","(np.int64(3),)",0.014020985050472893,0.40858136838036335,1.783849169982652
"(np.int64(183),)","(np.int64(4),)",0.01699231963070556,0.4673476833272528,1.6329226827489622
"(np.int64(121),)","(np.int64(4),)",0.010824147399418997,0.4396551724137931,1.536164464347359
"(np.int64(12),)","(np.int64(4),)",0.02272275060686856,0.43632195618950587,1.524518136413528
"(np.int64(77),)","(np.int64(4),)",0.0149495271067956,0.43563973714727483,1.5221344486615502
"(np.int64(53),)","(np.int64(4),)",0.013702627774019394,0.4351305812973884,1.520355447361245
"(np.int64(39),)","(np.int64(4),)",0.027577699072784432,0.4319551215458134,1.5092603238771893
"(np.int64(97),)","(np.int64(4),)",0.01960550227492804,0.4309037900874636,1.5055869495422516
"(np.int64(56),)","(np.int64(4),)",0.026052237123111412,0.42957130358705164,1.500931213548251
"(np.int64(19),)","(np.int64(4),)",0.015135235518060144,0.42910868747649494,1.4993148230807622
"(np.int64(166),)","(np.int64(4),)",0.01246899332776208,0.4217137729923733,1.4734768355847259
"(np.int64(83),)","(np.int64(4),)",0.0318224627588311,0.4173625608907446,1.4582736085405341
"(np.int64(10),)","(np.int64(4),)",0.020494249671694057,0.4162176724137931,1.4542733440053124
"(np.int64(47),)","(np.int64(4),)",0.014631169830342102,0.4141945174615096,1.4472043978434754
"(np.int64(54),)","(np.int64(4),)",0.019459588523220182,0.410120212468549,1.4329686900892893
"(np.int64(150),)","(np.int64(4),)",0.03178266809927441,0.40582655826558267,1.4179665715594865
"(np.int64(170),)","(np.int64(4),)",0.019804475572711474,0.40438786565547125,1.4129397491735731
